{"5285": {"page_count": 16, "colors": {"[254.34656, 254.95618, 254.47655]": 1, "[254.96521, 255.21744, 255.02751]": 1, "[254.97246, 255.32713, 255.00279]": 1, "[255.306, 255.50081, 255.32169]": 1, "[254.89017, 255.21284, 254.8848]": 1, "[255.08032, 255.37584, 255.09271]": 1, "[254.70036, 255.10692, 254.74982]": 1, "[254.47946, 255.01825, 254.48373]": 1, "[254.98242, 255.2941, 255.01285]": 1, "[254.82742, 255.20683, 254.87698]": 1, "[255.10191, 255.34952, 255.11778]": 1, "[254.62204, 255.04167, 254.6525]": 1, "[254.87527, 255.23091, 254.97284]": 1, "[255.21819, 255.45966, 255.26768]": 1, "[255.0643, 255.31151, 255.12677]": 1, "[254.57167, 255.0758, 254.59746]": 1}, "fonts": {}, "text": []}, "5286": {"page_count": 11, "colors": {"[6.3488755, 6.1671844, 6.379008]": 1, "[16.081213, 67.02837, 14.655578]": 7, "[19.456444, 19.131477, 19.441746]": 1, "[253.27357, 247.62758, 253.28627]": 1, "[0.23717663, 0.0, 0.007136485]": 1, "[246.22847, 251.40553, 247.10217]": 1, "[16.722458, 16.324144, 16.749327]": 1, "[251.29442, 222.51144, 251.54066]": 1, "[244.0361, 244.07669, 244.03267]": 1, "[140.7132, 140.70636, 140.71211]": 1, "[0.0, 0.0, 0.0]": 4, "[13.732899, 22.240124, 13.653152]": 1, "[13.733159, 22.240385, 13.653484]": 1, "[250.61118, 250.67892, 250.58545]": 1, "[0.32911885, 0.0, 0.0]": 1, "[81.09134, 250.4951, 81.16962]": 1, "[0.9498587, 0.7902751, 1.0107658]": 1, "[1.430505, 1.3317229, 1.4166391]": 1, "[250.61195, 250.67964, 250.58617]": 1, "[0.44182217, 0.2752339, 0.367388]": 2, "[185.2116, 183.78772, 185.1592]": 1, "[227.61429, 227.81143, 227.64441]": 1, "[185.91724, 184.81914, 185.85663]": 1, "[19.8601, 19.471827, 19.835243]": 1, "[140.71402, 140.71344, 140.71666]": 1, "[253.698, 253.89381, 253.75783]": 1, "[255.0, 255.0, 255.0]": 1, "[254.76176, 254.90373, 254.7783]": 1}, "fonts": {"(11, 'ttf', 'TrueType', 'SJDKJS+Raleway-Medium', 'TT1', 'MacRomanEncoding')": 10, "(12, 'ttf', 'TrueType', 'FDFUGD+Raleway-Bold', 'TT2', 'MacRomanEncoding')": 10, "(31, 'ttf', 'TrueType', 'WIBRJX+Futura-CondensedExtraBold', 'TT3', 'MacRomanEncoding')": 10, "(52, 'ttf', 'TrueType', 'PTWUPI+Raleway-Light', 'TT6', 'MacRomanEncoding')": 6, "(33, 'ttf', 'TrueType', 'MKGPGE+Helvetica-Light', 'TT5', '')": 1, "(92, 'ttf', 'TrueType', 'FZWUPE+Futura-CondensedExtraBold', 'TT7', '')": 9, "(238, 'ttf', 'TrueType', 'DFLGSI+Raleway-Regular', 'TT8', 'MacRomanEncoding')": 1}, "text": ["sam@thesaleshuddle.com  sales-huddle-group \nGAMIFY SALES TRAINING TO BOOST SALES ", "sam@thesaleshuddle.com  sales-huddle-group \n51 CLIENTS. 10,000 USERS.!\nS P O R T S   E N T E R T A I N M E N T   C O L L E G E S  ", "sam@thesaleshuddle.com  sales-huddle-group \n2015\u0000\nT O T A L   S A L E S  \n$204,000\u0000 $40K\u0000\n69% \u0000\nM o M   G R O W T H \u0000\n$10K\u0000\nNOV    DEC    JAN    FEB\u0000", "sam@thesaleshuddle.com \n \n \n$486B\u0000\nC O R P   T R A I N I N G \u0000", "sam@thesaleshuddle.com  sales-huddle-group \nBUILD\u0000\nGAMES FOR TRAINING ", "sam@thesaleshuddle.com  sales-huddle-group \nPLAY\u0000\nIN INDIVIDUAL OR TEAM MODE \nHOW MANY GUEST PASSES DO \nYOU RECEIVE PER YEAR? ", "sam@thesaleshuddle.com  sales-huddle-group \nREWARD\u0000\nTOP PLAYERS ", "sam@thesaleshuddle.com  sales-huddle-group \n$15M\u0000\nTHE TOTAL PRICE FOR \nQUESTION \nTHIS SUPER BOWL 50 \nGAME DAY SUITE IS\u2026 \n$1,000,000\u0000\n$2,000,000\u0000", "sam@thesaleshuddle.com  sales-huddle-group \n \n \n$10M\u0000\nI N C R E A S E   I N   S A L E S \u0000", "sam@thesaleshuddle.com    sales-huddle-group \nTEAM\u0000\nSAM CAUCCI\u0000\nFOUNDER & CEO\u0000\n \n10+ YEARS TRAINING SALES & SERVICE REPS \nROGER BERNARDINO\u0000\nDIRECTOR OF SALES\u0000\n\u0000\n6 YEARS SELLING ENTERPRISE SAAS \nBEN POWERS\u0000\nCLIENT SUCCESS MANAGER\u0000\n\u0000\nGAME BUILDING GURU \n ", "sales-huddle-group \nsam@thesaleshuddle.com \n     \n     \n51 \u0000 204k\u0000 69%\u0000\nC L I E N T S \u0000 2 0 1 5   S A L E S \u0000 M o M  \nG R O W T H \u0000"]}, "5287": {"page_count": 9, "colors": {"[250.48883, 250.67244, 250.50395]": 1, "[249.47559, 249.68285, 249.45801]": 1, "[249.47156, 249.67163, 249.45662]": 1, "[249.29099, 249.41092, 249.33894]": 1, "[107.16583, 199.87257, 107.00009]": 1}, "fonts": {}, "text": []}, "5288": {"page_count": 10, "colors": {"[0.0, 0.0, 0.0]": 12, "[250.22604, 250.53548, 250.18929]": 1, "[253.96404, 254.03392, 253.91417]": 1, "[247.19696, 247.22571, 247.18463]": 1, "[18.962606, 19.06102, 19.01525]": 1, "[251.3727, 249.6143, 251.33415]": 1, "[10.713426, 10.404326, 11.112176]": 1, "[252.04591, 252.25285, 252.08574]": 1, "[32.56296, 35.315365, 32.96235]": 1, "[251.48096, 251.26744, 251.63106]": 1, "[250.16391, 248.78035, 250.12419]": 1, "[249.26714, 248.60408, 249.28079]": 1}, "fonts": {"(7, 'n/a', 'TrueType', 'Arial', 'F1', 'WinAnsiEncoding')": 10, "(16, 'ttf', 'TrueType', 'ABCDEE+Calibri Light', 'F2', 'WinAnsiEncoding')": 4}, "text": ["founders@43layers.com Angel.co/43layers\nYou dream it. We make it.", "founders@43layers.com Angel.co/43layers\nProblem\n$130B\nspent annually on \nWeddings & Other Life Events\nWeddings Birthdays Baby Showers\nGifts Graduations Holidays Cocktail Parties Decorative Details\nNo good way to create custom event decorations and gifts\n2", "founders@43layers.com Angel.co/43layers\nSolution\nA mass customization marketplace for event decorations and gifts\nSelf Serve Connect with a Designer\n3", "founders@43layers.com Angel.co/43layers\n4", "founders@43layers.com Angel.co/43layers\n5", "founders@43layers.com Angel.co/43layers\nThe Beachead - Wedding Market\nPassionate  Strong  Large  Highly    \nUser Base Need Budget Targetable\nBrides, Planners For Personalization $35K+ / Wedding Pinterest + Facebook\n$30B\nWedding Decorations, Gifts & Accessories\n6", "founders@43layers.com Angel.co/43layers\nTraction\n290% \nRevenue\nCompounded \nMonthly Growth\n $12,000\n $10,000\n $8,000\n $6,000\n $4,000\n $2,000\n $-\nJul Aug Sep Oct\nRevenue Projected\n7", "founders@43layers.com Angel.co/43layers\nMetrics\n$340\nAverage Order Value\n35%\nTake Rate\n29%\nRepeat Purchase \nRate\n8", "founders@43layers.com Angel.co/43layers\nTeam\nTJ Ross  BJ Terry Emerson Knapp\nCEO  Product  Engineering\n9", "founders@43layers.com Angel.co/43layers\nThank you!\n10"]}, "5289": {"page_count": 0, "colors": {}, "fonts": {}, "text": []}, "5290": {"page_count": 11, "colors": {"[255.9616, 245.9, 255.9616]": 2, "[27.377659, 30.653782, 27.36663]": 2, "[240.61902, 241.15538, 240.62448]": 1, "[241.09875, 241.58157, 241.10667]": 1, "[148.1395, 146.37529, 148.15172]": 1, "[158.21301, 156.37003, 158.32129]": 1, "[88.1669, 87.66296, 88.1551]": 1, "[2.2641745, 2.2445, 2.2611806]": 1, "[236.70837, 236.83688, 236.7167]": 1, "[133.31415, 134.73468, 133.35483]": 1, "[148.25093, 149.33665, 148.31172]": 1, "[83.465004, 82.072334, 83.44036]": 1, "[2.0481787, 1.654671, 1.4352967]": 1, "[100.68168, 100.75867, 100.69008]": 1, "[252.6333, 252.88153, 252.60622]": 1, "[247.7215, 247.07465, 247.71489]": 1, "[255.85341, 255.82951, 255.8529]": 1}, "fonts": {"(12, 'cff', 'Type1', 'PVYTXU+BebasNeue', 'Tc1', 'MacRomanEncoding')": 11, "(14, 'ttf', 'TrueType', 'GPKIFO+Wingdings-Regular', 'TT5', '')": 11, "(9, 'ttf', 'TrueType', 'HNHHVF+Prata-Regular', 'TT1', 'MacRomanEncoding')": 11, "(11, 'ttf', 'TrueType', 'GENJJI+Calibri', 'TT3', '')": 11},